Name,Age,Gender
Alice,25,Female
Bob,30,Male
John,20,Male
Mary,35,Female
Arthur,23,Male
Omar,24,Male
Fatih,33,Male
Sylvia,24,Female
Ahmad,24,Male
Marc,32,Male
Igor,27,Male
Safa,35,Male
Dorina,28,Female
Hajni,37,Female
Petra,32,Female
Cato,19,Female
Yuriy,42,Male
Ivan,23,Male
Aleksy,31,Male
Minenhle,25,Male
Bandile,27,Male
Asma,32,Female
Swapna,20,Female
Fariha,41,Female
Alice,25,Female
Bob,30,Male
John,20,Male
Mary,35,Female
Arthur,23,Male
Omar,24,Male
Fatih,33,Male
Sylvia,24,Female
Ahmad,24,Male
Marc,32,Male
Igor,27,Male
Safa,35,Male
Dorina,28,Female
Hajni,37,Female
Petra,32,Female
Cato,19,Female
Yuriy,42,Male
Ivan,23,Male
Aleksy,31,Male
Minenhle,25,Male
Bandile,27,Male
Asma,32,Female
Swapna,20,Female
Fariha,41,Female
Alice,25,Female
Bob,30,Male
John,20,Male
Mary,35,Female
Arthur,23,Male
Omar,24,Male
Fatih,33,Male
Sylvia,24,Female
Ahmad,24,Male
Marc,32,Male
Igor,27,Male
Safa,35,Male
Dorina,28,Female
Hajni,37,Female
Petra,32,Female
Cato,19,Female
Yuriy,42,Male
Ivan,23,Male
Aleksy,31,Male
Minenhle,25,Male
Bandile,27,Male
Asma,32,Female
Swapna,20,Female
Fariha,41,Female
Alice,25,Female
Bob,30,Male
John,20,Male
Mary,35,Female
Arthur,23,Male
Omar,24,Male
Fatih,33,Male
Sylvia,24,Female
Ahmad,24,Male
Marc,32,Male
Igor,27,Male
Safa,35,Male
Dorina,28,Female
Hajni,37,Female
Petra,32,Female
Cato,19,Female
Yuriy,42,Male
Ivan,23,Male
Aleksy,31,Male
Minenhle,25,Male
Bandile,27,Male
Asma,32,Female
Swapna,20,Female
Fariha,41,Female
Alice,25,Female
Bob,30,Male
John,20,Male
Mary,35,Female